{"cameraMode":{"drawMode":1,"name":"Wireframe","section":"Shading Mode"},"sceneLighting":true,"audioPlay":false,"sceneViewState":{"m_AlwaysRefresh":false,"showFog":true,"showSkybox":true,"showFlares":true,"showImageEffects":true,"showParticleSystems":true,"showVisualEffectGraphs":true,"m_FxEnabled":true},"in2DMode":false,"pivot":{"x":20.22098731994629,"y":20.557579040527345,"z":27.690153121948243},"rotation":{"x":-0.060584913939237598,"y":0.9391359686851502,"z":-0.2508367896080017,"w":-0.22683855891227723},"size":0.013878178782761097,"orthographic":false}